Boton,Modulo,Opcion,Detalle,Acción,Estado,Observaciones
Administración,Folios,Administrar Folios (Tipos de Folio),Ocultar boton guardar y eliminar si no hay nada en la grilla,Reparar,Arreglado,
Administración,Folios,Administrar Folios (Tipos de Folio),Cuando presiono la cruz y no hay nada cargado,Reparar,Arreglado,
Administración,Folios,Administrar Folios (Tipos de Folio),"Sin seleccionar nada de la crilla cuando esta carga, si presionamos eliminar ",Reparar,Arreglado,
Administración,Folios,Administrar Folios (Tipos de Folio),Idem anterior con modificar,Reparar,Arreglado,
Administración,Folios,Administrar Folios (Tipos de Folio),Al crearlo si no pongo nombre lo crea igual,Reparar,Arreglado,
Administración,Folios,Administrar Folios (Tipos de Folio),Permite modificar con los campos en blanco,Reparar,Arreglado,
Administración,Folios,Administrar Folios (Tipos de Folio),"No se puede eliminar un tipo de folio, se le debe cambiar el estado a “no disponible”",Reparar,Arreglado,
Administración,Usuarios,Buscar,"Cuando alterno el campo de busqueda se va de foco el cursor, arreglar radio botton",Reparar,Arreglado,
Administración,Usuarios,Dar Alta Usuario,"cambiar mensaje verifique constrasenia por ""Completar todos los campos de usuario""",Reparar,Arreglado,
Administración,Usuarios,Dar Alta Usuario,Cuando doy buscar limpiar formulario dar alta usuario,Reparar,Arreglado,
Administración,Usuarios,Modifiacar Usuario,"cambiar mensaje verifique constrasenia por ""Completar todos los campos de usuario""",Reparar,Arreglado,
Administración,Usuarios,Modifiacar Usuario,"No permitir que se seleccione mas de una fila, cambiar propiedades de la grilla",Reparar,Arreglado,
Administración,Usuarios,Modifiacar Usuario,"No permitir nombres de usuarios con espacios , y limitar cantidad de carcteres en el campo y aclararlo",Reparar,Arreglado,
Administración,Escribano,Modificar escribano,Agregar icono,Reparar,Arreglado,
Administración,Escribano,Dar Alta Escribano,"El buscar que utiliza hace referencia a listar usuarios, hay codigo comentado por juanca, porque daba error.",Reparar,Arreglado,La logica para dar alta/modificar esta mal
Administración,Escribano,Registrar Suplencia ,"Cuando precionamos boton verde sin seleccionar nada, da error",Reparar,Arreglado,
Administración,Escribano,Registrar Suplencia ,"Cuando se cargar la lista de escribanos disponibles, se debe asegurar que los escribanos estén habilitados (que no se encuentren realizado otra suplencia: CONSULTAR)",Consultar,No Aplicable,Si se puede. Un escribano puede suplantar a varios en un mismo periodo
Administración,Escribano,Registrar Suplencia ,Carga el escribano suplente igual que el suplantado,Reparar,Arreglado,"Arreglar, debería haber 2 selecciones: una para el suplantado y otra para el supletente"
Administración,Escribano,Registrar Suplencia ,Si damos aceptar y no ponemos fecha da error,Reparar,Arreglado,
Administración,Escribano,Registrar Suplencia ,Agregar controles de campos vacios en general,Reparar,Arreglado,
Administración,Escribano,Registrar Suplencia ,"Te deja suplantar a vos mismo, no deberia",Reparar,Arreglado,
Administración,Escribano,Modificar escribano,Idem boton buscar de dar alta ecribano,Reparar,Arreglado,
Administración,Tramites,Ingresar Tipo de Tramite,Da de alta un tipo de tramite sin completar ningun campo ,Reparar,Arreglado,Utilice keyPressed
Administración,Tramites,Modificar Tipo de Tramite,Da error al aceptar sin cargar ningun campo,Reparar,Arreglado,
Administración,Tramites,Modificar Tipo de Tramite,Idem boton verde,Reparar,Arreglado,
Administración,Tramites,Eliminar Tipo de Tramite,Verificar campos vacios - boton verde da error,Reparar,Arreglado,
Administración,Documentos,Ingresar Documento,Verificar campos al darle aceptar,Reparar,Arreglado,
Administración,Documentos,Modificar Documentos,Boton verde da error,Reparar,Arreglado,
Administración,Documentos,Modificar Documentos,"Permite seleccionar dos items, cambiar propiedades de tabla",Reparar,Arreglado,
Administración,Documentos,Eliminar Documentos,Al aceptar da error,Reparar,Arreglado,
Administración,Documentos,Ingresar Documento,Limpiar formularios,Reparar,Arreglado,
Administración,Conceptos,Ingresar Concepto,"El campo valor acepta texto y no deberia, da erro.",Reparar,Arreglado,
Administración,Conceptos,Ingresar Concepto,"Agregar control de radio botton para que el usuario coloque valor ó porcentaje, no ambos",Reparar,Arreglado,
Administración,Conceptos,Modificar Concepto,Cuando hacemos click sobre boton verde da error,Reparar,Arreglado,
Administración,Conceptos,Modificar Concepto,Desabilitar campos si no selecciono un conceptoa a modificar,Reparar,Arreglado,
Administración,Conceptos,Modficiar Concepto,"No modifica, da cartel de datos invalidos",Reparar,Arreglado,
Administración,Conceptos,Eliminar Concepto,Da error boton aceptar al no seleccionar nada,Reparar,Arreglado,
Administración,Conceptos,Eliminar Concepto,"No elimina el concepto, dice que SI pero no lo elimina.",Reparar,Arreglado,"No lo elimina, lo deshabilita para utilizarlo en nuevas plantillas."
Administración,Estados de Gestion,Ingresar Estado,Deja crear un nuevo estado con los campos vacios,Reparar,Arreglado,
Administración,Estados de Gestion,Modificar Estado,Agregar controles de verificacion de campo,Reparar,Arreglado,
Administración,Plantillas Presupuesto,Crear Plantilla Presupuesto,Agregar controles de verificacion de campo,Reparar,Arreglado,
Administración,Plantillas Presupuesto,Modificar Plantilla Presupuesto,No funciona y hay Agregar controles de verificacion de campo,Reparar,Arreglado,
Administración,Plantillas Presupuesto,Eliminar Plantilla Presupuesto,No funciona y hay Agregar controles de verificacion de campo,Reparar,Arreglado,
Clientes,Dar Alta Persona,Dar Alta Persona,Avisar cuando en nro de identificacion se coloca caracteres != de numeros,Reparar,Arreglado,
Clientes,Modificar Persona,Modificar Persana,Avisar cuando en nro de identificacion se coloca caracteres != de numeros,Reparar,Arreglado,
Cleintes,Modificar Cliente,Modificar Cliente,Controlar cuando modifico datos de cliente o persona,Reparar,Arreglado,
Clientes,Dar Alta Cliente,Dar Alta Cliente,"Agregar regla de negocio: Para dar de alta un cliente, si o si debe estar dado de alta como persona. Esto es asi porque para un presupuesto damos de alta una persona sin que sea necesariamente un cliente.",Reparar,Arreglado,
Clientes,Dar Alta Cliente,Dar Alta Cliente,El número de nupcias no puede ser negativo,Reparar,Arreglado,
Clientes,Buscar Cliente,Buscar Cliente,"Cambiar los texto,  para quetambien esta opcion busque personas aunque no sean clientes",Reparar,Arreglado,
Presupuesto,Crear Presupuesto,Crear Presupuesto,Verificar cuando un tramite tiene asociado un inmueble que se ingresen los datos,,Arreglado,
Crear Presupuesto,Crear Presupuesto,Crear Presupuesto,"cuando se selecciona buscar, no trae la persona, controlar el tipo de busqueda que se esta llamando",,Arreglado,
Presupuesto,Crear Presupuesto,Crear Presupuesto,Agregar control de campos y limpiar formularios al cerrarse,Reparar,Arreglado,
Presupuesto,Crear Presupuesto,Crear Presupuesto,Implementar boton imprimir reporte de detalle valores de tramites,Reparar,Arreglado,
Presupuesto,Crear Presupuesto,Busca Inmueble,Agregar control de validación,Reparar,Arreglado,
Crear Presupuesto,Modificar Presupuesto,Modificar Presupuesto,Permitir al usuario eliminar items,Reparar,Arreglado,
Crear Presupuesto,Modificar Presupuesto,Modificar Presupuesto,Revisar Validacion,Reparar,Arreglado,
Crear Presupuesto,Modificar Presupuesto,Modificar Presupuesto,No funciona,Reparar,Arreglado,
Barra Principal,Barra Principal,Boton Presupuestos,Se corta el texto del boton,Reparar,Arreglado,
Gestiones,Modificar Gestion,Modificar Gestion,Agregar campo observaciones,Reparar,Arreglado,
Protocolo,Ingresar folios,Ingresar Folios,"Si se ingresan folios de años anteriores, lanzar un cartel de advertencia",Reparar,Arreglado,
Protocolo,Ingresar folios,Ingresar Folios,Controlar que los numeros de los folios a ingresar ya no hayan sido registrados,Reparar,Arreglado,
Clientes,Buscar Cliente,Buscar Cliente,Se lanza un NullPointerExcepcion en algunos casos cuando le pido que busque a una persona que no existe.,Reparar,Arreglado,
Presupuesto,Modificar Presupuesto,Buscar presupuesto por documento del cliente,"En ListaPresupuestosCliente hay que sacar el comboBox, no aparece en el disenio, sino en el código, y cuando lo ejecuto de ve. No va más.",Reparar,Arreglado,
Presupuesto,Modificar Presupuesto,Items,"Tener en cuenta los Items de valor variable y fijo, para editarlos o no. Hacer dos grillas, una que muestre los conceptos fijos y otra los variables.",Reparar,Arreglado,
Conceptos,Crear Concepto,Crear Concepto,"El Concepto puede tener un valor fijo o variable, poner opcion. Agregar campo ""tipo de concepto""",Reparar,Arreglado,
Plantilla Presupuesto,Modificar Plantilla de Presupuesto,Modificar Plantilla de Presupuesto,Mostrar los conceptos asociados y solo modificar los que esten habilitados,Reparar,Arreglado,
Tipo de Trámite,Modificar Tipo de Tramite,Modificar Tipo de Tramite,Mostrar los documentos asociados y solo modificar los que esten habilitados,Reparar,Arreglado,
Administración,Usuarios,Dar Alta usuario,Que las claves no sean vacias,Reparar,Arreglado,
Administración,Ususario,Modificar usuario,error en version,Reparar,Arreglado,
Administración,Documentos,Modificar Documentos,los dias a  vencer no deben ser negativos,Reparar,Arreglado,
Administración,Conceptos,Modificar Concepto,"Actualizar grilla, y dar error set atributos",Reparar,Arreglado,
Clientes,Persona,Dar alta persona,Permitir solo letras,Reparar,Arreglado,"Duda, ejemplo persona juridica?"
Clientes,Persona,Modificar persona,Permitir solo letras,Reparar,Arreglado,"Duda, ejemplo persona juridica?"
Presupuesto,Crear Presupuesto,Buscar,No busca por aproximacion,Reparar,Arreglado,
Escribanos,Dar Alta escribano,Buscar,"Agregar en la opcion busqueda por documento, en el switch ""dar alta escribano""",Reparar,Arreglado,
Escribano,Modificar escribano,Buscar,Buscar -> en la grilla no se puede seleccionar un escribano.,Reparar,Arreglado,
Escribano,Modificar escribano,Buscar,Buscar -> en la grilla solo deberia mostrar los escribanos registrados,Reparar,Arreglado,Siempre muestra los escribanos registrados en el sistema
Protocolo,Folios,Ingresar Folios,"si no hay escribanos registrados, deberia verificarlos antes de abrir el formulario",Reparar,Arreglado,
Protocolo,Folios,Modificar folio,Idem ingresar folio,Reparar,Arreglado,
Presupuesto,Crear Presupuesto,Crear Presupuesto,Verificar en Nomenclatura que no pongan espacios,Reparar,Arreglado,
Administración,Documentos,Ingresar Tipo de Documento,Dias no pueden ser negativos,Reparar,Arreglado,
Administración,Tramites,,Idem anterior con los 3,Reparar,Arreglado,
Administración,Escribanos,Dar Alta Escribano,"Cuando busco un Escribano, me dice que tiene un Usuario asignado ????",Reparar,Arreglado,
Todos,Clientes,Todos,"Controlar que se este agregando el nombre de las ventanas activas, en el menu superior  “Principal.setVentanasActivas”",Reparar,Arreglado,
Clientes,Buscar Cliente,Buscar Cliente,En buscar cliente desabilitar boton aceptar,Reparar,Arreglado,
Clientes,Todos,Todos,Controlar los Titulos de los formularios ,Reparar,Arreglado,
Clientes,Dar Alta cliente,Dar Alta Cliente,"Numero de identificacion, “mensaje esta ingresando caracteres” - NO SE BORRA SIEMPRE",Reparar,Arreglado,
Adminitracion,Dar Alta Usuario,Dar Alta Usuario,Encriptar la clave en la base pido alejandro (se realizo en MD5),Reparar,Arreglado,
Sistema,Login,Barra de estado de carga del sistema,"La barra debe cargar antes de que aparezca la pantalla de logui, porque cuando el usuario ingresa sus datos se deben controlar, y por lo tanto llamar a los JPA, produciendo que aparezca la barra de esta cargado. No figura el progreso de la barra solo el form en blanco.",Reparar,Sin Comenzar,
,Presupuesto,Crear Presupuesto,"Al crear un presupuesto, despues de cargar el cliente, si no existen tipo de tramites registrados en el sistema, debería mostrar un cartel.",Reparar,Arreglado,
Administración,Usuarios,Dar Alta Usuario,Al dar de alta el usuario limpiar el formulario,Reparar,Arreglado,
Gestiones,Gestion,Iniciar Gestion,Solo debe traer clientes,Reparar,Arreglado,
Gestiones,Presupuesto,Buscar Presupuesto,"Explota al buscar por Persona, el getDto() de Persona",Reparar,Arreglado,Sigue pasando
Gestiones,Gestion,Buscar Gestion,No funcion por documento,Reparar,Arreglado,
Gestiones,Documentacion,Documentacion,Botones desordenados!,Reparar,Arreglado,
Gestiones,Inscripciones,Inscripciones,Botones desordenados!,Reparar,Arreglado,
Administración,Tramites,Tramites,Botones desordenados!,Reparar,Arreglado,
Administración,Documentos,Documentos,Botones desordenados!,Reparar,Arreglado,
Administración,Plantillas Presupuesto,Plantillas Presupuesto,Botones desordenados!,Reparar,Arreglado,
Clientes,Clientes,dar alta persona,Alinear bien campos,Reparar,Arreglado,
Clientes,Clientes,modificar persona,Alinear bien campos,Reparar,Arreglado,
Clientes,Clientes,buscar persona,Alinear bien campos,Reparar,Arreglado,
Clientes,Clientes,Dar Alta cliente,Alinear bien campos,Reparar,Arreglado,
Clientes,Clientes,Dar Alta cliente,para casado y viudo habilitar las nupcias!,Reparar,Arreglado,
Clientes,Clientes,Buscar Cliente o persona,El boton en lugar de cancelar deberia ser cerrar,Reparar,Arreglado,
Clientes,Clientes,Buscar Cliente o persona,"Al mostrar los datos de la persona o cliente, cambiar boton cancelar a cerrar",Reparar,Arreglado,
Iniciar Gestión,Iniciar Gestion,Iniciar Gestion,"No buscar por númer de presupuesto, sino todos los presupuesto de un cliente",Reparar,Arreglado,
Modificar Gestion,Modificar Gestion,Modificar Gestion,"Sacar combo numero gestion y escribano a cargo, y poner textbox. Fecha de inicio darle formato",Reparar,Arreglado,
Modificar Gestion,Modificar Gestion,Modificar Gestion,jpa.exceptions.IllegalOrphanException: You must retain Historial Historial[ idHistorial=1 ] since its fkIdGestion field is not nullable.,Reparar,Arreglado,
Gestiones,Gestion,Ver Historial Gestion,"Se abren dos ventanas diferentes de ver historial!!!! Ocultar boton buscar, en gestiones, deshabilitar la grilla para edicion",Reparar,Arreglado,
TODOS,Todos,Todos,Tener en cuenta que no se pueda hacer nada mas con una gestion que ya esta archivada!,Reparar,Comenzado,"Arreglado en Modificar gestion, registrar documentacion"
Gestiones,Gestion,Buscar gestion,"hacer metodos que busquen gestiones con un determinado estado, por ejemplo todas las que no esten ARCHIVADAS",Reparar,Arreglado,
Todos,Auditoria,Auditoria,Terminar de implementar en todos lados,Reparar,Comenzado,
Clientes,Modificar Cliente,,"en algunas ocaciones, no muestra el boton ACEPTAR. Habría abrir y cerrar el formulario varias veces para probar",Reparar,Arreglado,
Clientes,Clientes,Todos,"Cuando se trate de mostrar de información, el boton del formulario debería ser CERRAR no ""cancelar"", debido a que lleva a confusion",Mejorar,Arreglado,
Presupuestos,Todos,todos,"Chequear cuando se generan los reportes y en los formularios, limpiar los datos del inmueble.",Reparar,Arreglado,
Gestiones,Iniciar Gestion,,"Si el usuario logueado es ESCRIBANO, debería aparecer por default, en el combo de escribanos disponibles, ese escribano",Reparar,Arreglado,
Documentacion,Registrar documentacion externa,,"En la grilla de documentos muestra el nombre del ""tramite"", no la de los documentos (error). Y debería dejar editar la fecha de ingreso (en realidad todos los campos deberían ser editables).",Reparar,Arreglado,
Gestiones,Modificar Gestion,,No dejar modificar una gestion si la misma ya se encuentra archivada,Reparar,Arreglado,
Gestiones,Testimonios,Verificar testimonio,Cargar fecha de salida del testimonio en la grilla,Reparar,Arreglado,
Administración,Usuarios,Dar de alta usuario,"Poner por default al nuevo usuario como ""Habilitado""",Reparar,Arreglado,
Administración,Escribanos,Registrar suplencias,"La validación de las fechas esta mal, no te deja registrar una suplencia totalmente valida",Reparar,Arreglado,Ahora las suplencias se pueden registrar para cualquier periodo
Gestiones,Gestion,Detalle gestion / ver historial,No muestra el numero de bibliorato,Reparar,Arreglado,
Todos,Todos,Todos,"Carteles de advertencia e información, verificarlos que se muestren los carteles correspondientes",Mejorar,Comenzado,
Presupuesto,crear/modificar presupuesto,Todos,Cambiar la forma en que se pregunta: Esta seguro que desea dejar el valor del ítem en cero?,Mejorar,Arreglado,
Documentacion,n/a,n/a,"Arreglar los casos de uso 17, 18 y 54",Reparar,Arreglado,
Gestiones,Escritura,Preparar escritura,"Agregar DTOTramite en la grilla y comparar por ID de tramite, no por tipo de tramite.",Reparar,Arreglado,
Administración,Todos,Todos,"No cerrar los formulario, así se puede seguir trabajando sobre la pantalla elegida.",Reparar,Comenzado,
Clientes,Lista Personas,,"En la grilla de clientes, el checkbox de la columna “Cliente”,  reemplazarlo por SI o NO, y chequear lo mismo en las grillas no editables (de solo lectura).",Reparar,Arreglado,
Todos,Todos,Todos,Activar los “ENTERS”,Reparar,Arreglado,
Todos,Todos,Todos,"En las busquedas, no permitir el carácter de porcentaje",Reparar,No Aplicable,
Todos,Todos,Todos,"Despues de una advertencia de error, no limpiar ni cerrar el formulario en el que se está trabajando.",Reparar,Comenzado,
Todos,Todos,Todos,Posicionar el cursos en el primer campo correspondiente de los formularios,Reparar,Arreglado,
Todos,Todos,Todos,"En todos los formularios, checkear que esten bien puestos los botones: ACEPTAR, CANCELAR y CERRAR",Reparar,Arreglado,
Todos,Todos,Todos,"Siempre que se llame a una grilla, LIMPIARLA antes, de esta forma evitamos que se dupliquen datos, como en Modificar Personas",Reparar,Arreglado,
Presupuesto,Modificar Presupuesto / Crear Presupuesto,,"Arreglar cuando se agregan y eliminan items, cambiar la validacion y tener en cuenta los valores fijos",Reparar,Arreglado,
Clientes,Dar Alta Persona / Cliente,,"Cambiar el mensaje de “Persona ya existe” por, el numero de documento ya se encuentra registrado",Reparar,Arreglado,
Administración,Modificar Tramite,,Se deshabilita la lista luego de seleccionar un tramite y en otro no.,Reparar,Arreglado,
Clientes,Buscar Gestiones Cliente,,"Cambiar cartel ""no existe la persona"" por ""No existen gestiones asociadas a personas con esas caracteristicas"" o algo asi",Reparar,Arreglado,
Gestiones,Documentacion,Consultar Deudas Documentos,"CU09 - Consultar deudas documentos, el caso de uso dice una cosa, pero el código hace otra, o sea, registra el pago de documentos (hay que modificar el caso de uso), además para el campo fecha (de la grilla), deberías poner un label con un ejemplo que indique cómo se debe poner la fecha, sino es difícil acertarle. Cuando te equivocas en poner la fecha, y das click en el botón ACEPTAR, lanza un NullPointerException. Además, por default te aparece una fecha de pago (cuando en realidad aun no existen pagos registrados)",Reparar,Arreglado,
Gestiones,Documentacion,Lista Documentos,Deshabilitar la grilla para edicion!,Reparar,Arreglado,
Gestiones,Documentacion,Lista Documentos,Cambiar el nombre del boton CANCELAR a CERRA y agregarle el icono,Reparar,Arreglado,
Presupuesto,,Lista Presupuesto Cliente sin gestion,Formatear la fecha de la grilla,Reparar,Arreglado,
Gestiones,Documentacion,Consultar Deudas Documentos,"Agregar al boton imprimir ""Imprimir"" y alinear los labels",Reparar,Arreglado,
Gestiones,Documentacion,Consultar Vencimientos,Agregar icono al boton cerrar,Reparar,Arreglado,
Clientes,,"Ver Detalle, modificar Cliente","en el modulo clientes, cuando listo los cliente y quiero ver el detalle de uno, y luego cierro la ventana y despues voy a modificar cliente, siempre me aparece solo el modo vista, no me deja modificar el cliente algunas variable queda seteada y siempre que ingreso para modificar cliente, solo me deja verlo",Reparar,Arreglado,
Gestiones,Documentacion,Todos,"La referencia de Documentos_presentados a tipo_de_documento, es un problema porque si modificamos en un futuro los datos de ese tipo de documento, te cambia todo, por ejemplo si vence, se deberían agregar los atributos de tipo de documento a documentos presentados para que esto no pase. Ver que hacemos con esto, si lo cambiamos ahora o despues.",Reparar,Arreglado,
Administración,Plantillas Presupuesto,Modificar/Eliminar Plantilla de presupuesto,"jugando con la concurrencia, hay algunos casos en los cuales pueden lanzarse excepciones y eliminar una plantilla mientras se esta modificando",Reparar,Arreglado,
Gestiones,Escritura,Modificar Escritura,No anda el control de concurrencia,Reparar,Arreglado,
Protocolo,Folios,Modificar folio,"Cambiar nombre del boton actualizar grilla a buscar y poner icono, borrar boton de la cruz!",Reparar,Arreglado,
Todos,Busquedas,Busquedas,"No mostrar el usuario administrador, cuando se realizan busqueda de aproxmacion o por tipo y numero de identificacion de personas.",Reparar,Arreglado,
Gestiones,Escritura,Preparar escritura,"Agregar DTOTramite en la grilla y comparar por ID de tramite, no por tipo de tramite.",Reparar,Arreglado,
Administración,Escribanos,Consultar Suplencias,Falta icono a boton cerrar. Boton Actualizar deberia ser Buscar y poner icono,Reparar,Arreglado,
presupuestos,Crear Presupuesto,Crear Presupuesto,Lista de personas deforme,Reparar,Arreglado,
Presupuesto,todos,busquedas,"Presupuesto, en las búsquedas se cierra siempre, cuando no encuentra algo. No debería (Estaría Bueno!!",Reparar,Arreglado,
Gestiones,Gestion,Iniciar Gestion,"Puedo agregar el mismo cliente mas de una vez, en una gestión, cuando la inicio. ",Reparar,Arreglado,
Administración,Documentacion,Ingresar Tipo de Documento,"Cuando ingreso un tipo de documento, me dice 1° que es incorrecto, luego, sí me lo da de alta. Controlar!, raro",Reparar,Arreglado,
Gestiones,gestion,iniciar Gestion,"Si el presupuesto tiene asociada una gestión, no debería traerlo cuando quiero iniciar una nueva gestión. Mismo concepto de cliente y persona.",Reparar,Arreglado,"Si seleccionas un presupuesto que ya tiene asociada una gestión, muestra un cartel indicando éste y no lo asocia a la gestión."
Todos,todos,Todos,Poner algo para que se sepa el formato de la fecha en las grillas.,Reparar,Comenzado,
Todos,todos,Todos,"Se deben quitar los recuadros de los campos, por ejemplo en detalle gestión.",Reparar,Arreglado,
Todos,todos,Todos,"Cuando comienzo a minimizar las ventanas , se termina tildando el sistema. Evaluar que vamos hacer con este problemilla je.",Reparar,Arreglado,"Se elimino que se puedan minimizar y redimensionar. Ojo con esto, en algunos casos podría no ser necesario."
Gestiones,Documentacion,listar Deudas documentos,"Reporte: fecha de pago muestra NULL, poner no aplicable. Ademas muestra la deuda de un solo documento, no te todos los que presentan deuda para esa gestion",Reparar,Arreglado,
Gestiones,documentacion,Ventana listar persona,tiene mal alineado el boton cerrar,Reparar,Arreglado,
Gestiones,documentacion,Registrar documentacion entidades externas,probando este modulo (se cargo una gestión desde cero) y lanzo esta excepción cuando intento registrar la documentación. java.lang.NullPointerException. Fijarse si falta validar algún campo que no este correcto,Reparar,Arreglado,
Gestiones,Documentacion,Registrar documentacion entidades externas,La fecha de ingreso NO debe estar la fecha ACTUAL por default.,Reparar,Arreglado,
Gestiones,Documentacion,Registrar documentacion entidades externas y de Clientes,Agregar a columna de días de vencimiento para que el usuario ingrese él la fecha de vencimiento de cada documentos. Además agregar el atributo: Quien Entrega,Reparar,Arreglado,
Gestiones,Documentacion,Consultar Vencimientos,Verificar que los datos a cargar en la grilla no sean NULL!,Reparar,Arreglado,
Presupuestos,Lista de Personas,Ventana lista presupuesto,En la lista de personas se muestra al usuario ADMIN,Reparar,Arreglado,"OJO: el problema no es del código, sino de cómo esta definida la persona admin en la base de datos: el nombre y apellido deben ser: Administrador"
Clientes,Buscar Gestion,Buscar Gestion,"Cuando no encuentra, que no diga que no existe la persona con los datos indicados, sino que no existe una ""gestion"" asociada que tenga personas asociadas con esos datos o algo asi",Reparar,Arreglado,
Gestiones,Gestion,Iniciar Gestion,"Busco un presupuesto, cada vez que presiono sobre el buscar, me lo carga de nuevo en la grilla, tantas veces como presione buscar, una vez que lo encuentre deberia cerrarse asi no pasa esto ",Reparar,Arreglado,
Administración,Escribanos,Consultar Suplencias,Añadir el reporte (consultar suplencias),Reparar,No Aplicable,
Clientes,Dar Alta cliente,,"Cuando se abre la pantalla por primera vez, queda habilitado el número de nupcias, aunque seas soltero. Debería estar por default deshabilitado.",Reparar,Arreglado,
Gestiones,Documentacion,Registrar documentacion entidades externas,Verificar todas las fechas en la grilla (formato),Reparar,Arreglado,
Gestiones,Gestion,Modificar Gestion,"Cuando se cargar el formulario de modificar gestion, aparece en la lista de clientes asociados, el cliente de referencia y te deja eliminarlo. ",Reparar,Arreglado,
Gestiones,Gestion,detalle Gestion,los Labels tienen distintos tamaño de letra.,Reparar,Arreglado,
Gestiones,Documentacion,Consultar Documentos Proximos a Vencer,"Reporte consultar proximos vencimientos, trae todos los registros. Algún error que se arrastro desde DocumentosPresentados",Reparar,Sin Comenzar,
Gestiones,Testimonios,retirar Testimonio,"cuando retirar una nueva copia, en realidad te modifica los datos de la última copia que se retiro. Además, poner un label con la cantidad de copias que quedan por retirar.",Reparar,Arreglado,
Reportes,Reportes,Reportes,Arreglar os fonts de los reportes,Reparar,Arreglado,
BDD,BDD,BDD,"la tabla registro de auditoria, modificar el tipo de dato del atributo modulo para que sea TEXT",Reparar,Arreglado,
Gestiones,Documentacion,Registrar Documentacion Cliente,"Ingresar docs cliente, pone la fecha de ingreso aunque no este entregado, que la ponga cuando ya este entregado.",Reparar,Sin Comenzar,