CU,Modulo,Grado,Estado,% Progreso,Doc Sistema,% Progreso,Doc. Código,% Progreso,Auditoria,Concurrencia,Observaciones
CU01 – Preparar Presupuesto,Presupuestos,Esencial,Terminado,100,Terminado,100,Terminado,100,Listo,no aplicable,
CU02 – Iniciar Gestión,Gestiones,Esencial,Terminado,100,Terminado,100,Terminado,100,Listo,No Aplicable,
CU03 – Lista documentos y certificados necesarios,Gestiones,Esencial,Terminado,100,Terminado,100,Terminado,100,No Aplicable,No Aplicable,
CU04 – Registrar documentación cliente,Gestiones,Esencial,Terminado,100,Terminado,100,Terminado,100,Listo,Listo,
CU05 – Preparar escritura,Gestiones,Esencial,Terminado,100,Terminado,100,Terminado,100,Listo,Listo,
CU06 – Firmar escritura,Gestiones,Esencial,Terminado,100,Terminado,100,Terminado,100,Listo,Listo,
CU07 – Generar testimonio,Gestiones,Esencial,Terminado,100,Terminado,100,Terminado,100,Listo,Deberia controlarse que no se genere el mismo testimonio para la misma escritura a la vez?,
CU08 – Verificar Testimonio,Gestiones,Necesario,Terminado,100,Terminado,100,Terminado,100,No Aplicable,no aplicable,
CU09 – Registrar deudas documentos de Cliente,Gestiones,Esencial,Terminado,100,Terminado,100,Terminado,100,Listo,Listo,
CU10 – Registrar movimientos documentación de entidades externas,Gestiones,Esencial,Terminado,100,Terminado,100,Terminado,100,Listo,Listo,
CU11 – Ingresar para inscripción,Gestiones,Esencial,Terminado,100,Terminado,100,Terminado,100,Listo,Listo,
CU12 – Retirar testimonio,Gestiones,Necesario,Terminado,100,Terminado,100,Terminado,100,,,
CU13 – Ver historial de gestión,Gestiones,Estaría Bueno,Terminado,100,Terminado,100,Terminado,100,No Aplicable,No Aplicable,
CU14 – Consultar estado gestión,Gestiones,Necesario,Terminado,100,Terminado,100,Terminado,100,No Aplicable,No Aplicable,"Este CU quedó eliminado/reemplazado por Ver Detalle Gestion, debido a que en esta pantalla ya se muestra el estado actual de la gestión"
CU15 – Procesar pago,Pagos,Estaria Bueno,,0,,,,,,,
CU16 – Archivar Gestión,Gestiones,Necesario,Terminado,100,Terminado,100,Terminado,100,Listo,Listo,
CU17 – Dar Alta persona,Clientes,Esencial,Terminado,100,Terminado,100,Terminado,100,Listo,No Aplicable,
CU18 – Dar Alta Cliente,Clientes,Esencial,Terminado,100,Terminado,100,Terminado,100,Listo,Listo,
CU19 – Buscar gestiones de un Cliente,Clientes,Necesario,Terminado,100,Terminado,100,Terminado,100,No Aplicable,No Aplicable,
CU20 – Dar alta usuario,Administracion,Esencial,Terminado,100,Terminado,100,Terminado,100,Listo,No Aplicable,
CU21 – Modificar Usuario,Administracion,Esencial,Terminado,100,Terminado,100,Terminado,100,Listo,Listo,
CU22 – Registrar Suplencia,Administracion,Esencial,Terminado,100,Terminado,100,Terminado,100,Listo,No Aplicable,
CU23 – Ver registro de actividades de usuario,Administracion,Necesario,Terminado,100,Terminado,100,Terminado,100,No Aplicable,No Aplicable,
CU24 – Generar libro de índices,Protocolos,Estaria Bueno,,0,,,,,No Aplicable,No Aplicable,
CU25 – Generar Declaración Jurada del mes,Protocolos,Estaria Bueno,,0,,,,,No Aplicable,No Aplicable,
CU26 – Ingresar nuevo tipo de trámite,Administracion,Esencial,Terminado,100,Terminado,100,Terminado,100,Listo,No Aplicable,
CU27 – Ingresar nuevo tipo de documento,Administracion,Esencial,Terminado,100,Terminado,100,Terminado,100,Listo,Listo,
CU28 – Ingresar nuevos folios,Protocolos,Esencial,Terminado,100,Terminado,100,Terminado,100,Listo,No Aplicable,
CU29 – Ingresar nuevo concepto,Administracion,Esencial,Terminado,100,Terminado,100,Terminado,100,Listo,No Aplicable,
CU30 – Ingresar nuevo estado de Gestión,Administracion,Esencial,Terminado,100,Terminado,100,Terminado,100,Listo,No Aplicable,
CU31 – Modificar tipo de trámite,Administracion,Esencial,Terminado,100,Terminado,100,Terminado,100,Listo,Listo,
CU32 – Modificar tipo de documento,Administracion,Esencial,Terminado,100,Terminado,100,Terminado,100,Listo,Listo,
CU33 – Modificar folio,Protocolos,Esencial,Terminado,100,Terminado,100,Terminado,100,Listo,Listo,
CU34 – Modificar concepto,Administracion,Esencial,Terminado,100,Terminado,100,Terminado,100,Listo,Listo,
CU35 – Modificar estado de Gestión,Administracion,Esencial,Terminado,100,Terminado,100,Terminado,100,Listo,Listo,
CU36 – Ingresar tipos de folio,Administracion,Esencial,Terminado,100,Terminado,100,Terminado,100,Listo,Listo,
CU37 – Eliminar concepto,Administracion,Esencial,Terminado,100,Terminado,100,Terminado,100,Listo,Listo,
CU38 – Eliminar tipo de documento,Administracion,Esencial,Terminado,100,Terminado,100,Terminado,100,Listo,Listo,
CU39 – Crear Plantilla Presupuesto,Administracion,Esencial,Terminado,100,Terminado,100,Terminado,100,Listo,ERROR,
CU40 – Modificar Tipo de folio,Administracion,Esencial,Terminado,100,Terminado,100,Terminado,100,Listo,Listo,
CU41 - Modificar Cliente,Clientes,Esencial,Terminado,100,Terminado,100,Terminado,100,Listo,Listo,
CU42 – Informar próximos vencimientos,Gestiones,Necesario,Terminado,100,Terminado,100,Terminado,100,No Aplicable,No Aplicable,
CU43 – Reingresar documentación,Gestiones,Esencial,Terminado,100,Terminado,100,Terminado,100,Listo,Listo,
CU44 – Reingresar testimonio,Gestiones,Esencial,Terminado,100,Terminado,100,Terminado,100,Listo,Listo,
CU45 – Modificar presupuesto,Presupuestos,Esencial,Terminado,100,Terminado,100,Terminado,100,Listo,Listo,
CU46 – Ver detalle cliente,Clientes,Esencial,Terminado,100,Terminado,100,Terminado,100,No Aplicable,No Aplicable,
CU47 – Consultar Pago,Pagos,Estaria Bueno,,0,,,,,No Aplicable,No Aplicable,
CU48 – Dar alta escribano,Administracion,Esencial,Terminado,100,Terminado,100,Terminado,100,Listo,No Aplicable,
CU49 – Eliminar Plantilla Presupuesto,Administracion,Esencial,Terminado,100,Terminado,100,Terminado,100,Listo,ERROR,
CU50 – Generar Declaración Jurada de Rentas,Protocolos,Estaria Bueno,,0,,,,,No Aplicable,No Aplicable,
CU51 – Modificar escribano,Administracion,Esencial,Terminado,100,Terminado,100,Terminado,100,Listo,Listo,
CU52 - Modificar Escritura,Gestiones,Esencial,Terminado,100,Terminado,100,Terminado,100,Listo,ERROR,
CU53 - Modificar Gestión,Gestiones,Esencial,Terminado,100,Terminado,100,Terminado,100,Listo,Listo,
CU54 - Modificar Persona,Clientes,Esencial,Terminado,100,Terminado,100,Terminado,100,Listo,Listo,
CU55 – Modificar Plantilla Presupuesto,Administracion,Esencial,Terminado,100,Terminado,100,Terminado,100,Listo,ERROR,
CU56 – Registrar inscripción,Gestiones,Esencial,Terminado,100,Terminado,100,Terminado,100,,,
CU57 – Eliminar tipo de trámite,Administracion,Esencial,Terminado,100,Terminado,100,Terminado,100,Listo,Listo,
CU58 – Eliminar Tipo de folio,Administracion,Esencial,Terminado,100,Terminado,100,Terminado,100,Listo,Listo,
CU59 – Consultar Suplencias,Administracion,Necesario,Terminado,100,Terminado,100,Terminado,100,No Aplicable,No Aplicable,
CU60 – Buscar Presupuesto,Presupuestos,Necesario,Terminado,100,Terminado,100,Terminado,100,No Aplicable,No Aplicable,
CU61 – Buscar persona o cliente,Clientes,Necesario,Terminado,100,Terminado,100,Terminado,100,No Aplicable,No Aplicable,
CU62 – Buscar Escritura,Gestiones,Necesario,Terminado,100,Terminado,100,Terminado,100,No Aplicable,No Aplicable,
CU63 – Buscar Folios,Protocolos,Necesario,Terminado,100,Terminado,100,Terminado,100,No Aplicable,No Aplicable,
CU64 – Buscar Tipo de tramite,Administracion,Necesario,Terminado,100,Terminado,100,Terminado,100,No Aplicable,No Aplicable,
CU65 – Buscar Tipos de documentos,Administracion,Necesario,Terminado,100,Terminado,100,Terminado,100,No Aplicable,No Aplicable,
CU66 – Buscar Conceptos,Administracion,Necesario,Terminado,100,Terminado,100,Terminado,100,No Aplicable,No Aplicable,
CU67 – Buscar Estados de Gestión,Administracion,Necesario,Terminado,100,Terminado,100,Terminado,100,No Aplicable,No Aplicable,
CU68 – Buscar tipos de folios,Administracion,Necesario,Terminado,100,Terminado,100,Terminado,100,No Aplicable,No Aplicable,